{"satisfaction_level":{"count":14999.0,"mean":0.6128335222,"std":0.2486306511,"min":0.09,"25%":0.44,"50%":0.64,"75%":0.82,"max":1.0,"var":0.0618172006,"range":"(0.09, 1.0)"},"grade":{"count":14999.0,"mean":0.7161017401,"std":0.1711691106,"min":0.36,"25%":0.56,"50%":0.72,"75%":0.87,"max":1.0,"var":0.0292988644,"range":"(0.36, 1.0)"},"devices_used_number":{"count":14999.0,"mean":3.8030535369,"std":1.2325923553,"min":2.0,"25%":3.0,"50%":4.0,"75%":5.0,"max":7.0,"var":1.5192839144,"range":"(2.0, 7.0)"},"net_time_lenth":{"count":14999.0,"mean":201.0503366891,"std":49.9430993713,"min":96.0,"25%":156.0,"50%":200.0,"75%":245.0,"max":310.0,"var":2494.31317481,"range":"(96.0, 310.0)"},"ip_used_number":{"count":14999.0,"mean":3.4982332155,"std":1.4601362305,"min":2.0,"25%":3.0,"50%":3.0,"75%":4.0,"max":10.0,"var":2.1319978117,"range":"(2.0, 10.0)"},"emergency_contact_registered_or_not":{"count":14999.0,"mean":0.1446096406,"std":0.3517185524,"min":0.0,"25%":0.0,"50%":0.0,"75%":0.0,"max":1.0,"var":0.1237059401,"range":"(0.0, 1.0)"},"bad":{"count":14999.0,"mean":0.3168877925,"std":0.4652787903,"min":0.0,"25%":0.0,"50%":0.0,"75%":1.0,"max":1.0,"var":0.2164843527,"range":"(0.0, 1.0)"},"education":{"count":14999.0,"mean":0.0212680845,"std":0.1442814646,"min":0.0,"25%":0.0,"50%":0.0,"75%":0.0,"max":1.0,"var":0.020817141,"range":"(0.0, 1.0)"}}